reps,entanglement,gamma,C,mean_acc,std_acc,se_acc
3,full,0.1,10.0,0.9869318181818182,0.0022727272727272874,0.0010163945352271836
3,full,0.1,1000.0,0.9852272727272726,0.0048876848108196655,0.002185839097917194
2,full,0.15,10.0,0.9846590909090909,0.003853596581321186,0.0017233807827389935
2,full,0.05,1000.0,0.9846590909090909,0.00385359658132118,0.0017233807827389909
3,full,0.02,100.0,0.9840909090909091,0.00385359658132118,0.0017233807827389909
3,full,0.05,100.0,0.9840909090909091,0.00461593091172498,0.0020643070596119274
2,full,0.05,10.0,0.9840909090909091,0.007954545454545455,0.0035573808732951204
1,full,0.02,1000.0,0.984090909090909,0.0034090909090909245,0.0015245918028407724
1,linear,0.15,100.0,0.9835227272727274,0.0037688918072220487,0.0016854996561581066
3,linear,0.05,1000.0,0.9835227272727274,0.004175266607016788,0.0018672359914948876
2,full,0.02,1000.0,0.9835227272727274,0.0021259416970306733,0.0009507500301523696
1,full,0.02,100.0,0.9835227272727274,0.0065771800584035495,0.0029414043421692746
3,full,0.02,1000.0,0.9835227272727272,0.0041752666070167905,0.0018672359914948887
2,full,0.05,100.0,0.9835227272727272,0.0033130408493439348,0.0014816369102733354
3,full,0.1,100.0,0.9835227272727272,0.0033130408493439348,0.0014816369102733354
1,linear,0.05,1000.0,0.9829545454545455,0.004017652165832661,0.0017967486705502175
3,full,0.1,1.0,0.9829545454545455,0.008035304331665313,0.003593497341100431
2,full,0.02,100.0,0.9829545454545455,0.0067228179353404855,0.003006535580755222
1,linear,0.1,100.0,0.9829545454545455,0.004017652165832661,0.0017967486705502175
3,circular,0.05,1000.0,0.9829545454545455,0.0031120599858248145,0.0013917555356722634
1,linear,0.1,1000.0,0.9829545454545455,0.004753750150761795,0.002125941697030649
2,full,0.15,1000.0,0.9829545454545455,0.005959141182784931,0.002665008954445121
2,full,0.15,100.0,0.9829545454545455,0.005959141182784931,0.002665008954445121
2,full,0.1,10.0,0.9829545454545455,0.005959141182784973,0.0026650089544451396
2,full,0.25,1.0,0.9829545454545455,0.0056818181818181655,0.0025409863380679355
2,linear,0.1,100.0,0.9829545454545453,0.004753750150761796,0.0021259416970306495
1,circular,0.1,1000.0,0.9829545454545453,0.0025409863380679654,0.0011363636363636465
3,circular,0.1,100.0,0.9829545454545453,0.0062241199716495995,0.0027835110713445134
1,full,0.1,100.0,0.9829545454545453,0.0017967486705502314,0.0008035304331665383
1,full,0.05,100.0,0.9829545454545453,0.0017967486705502314,0.0008035304331665383
2,full,0.1,100.0,0.9823863636363637,0.002125941697030661,0.0009507500301523642
1,full,0.05,10.0,0.9823863636363637,0.0074948329308368936,0.0033517911826710547
2,circular,0.1,100.0,0.9823863636363637,0.004175266607016772,0.0018672359914948806
1,full,0.15,1.0,0.9823863636363637,0.0074948329308368936,0.0033517911826710547
1,circular,0.15,100.0,0.9823863636363637,0.004175266607016772,0.0018672359914948806
3,linear,0.05,100.0,0.9823863636363637,0.0037688918072220417,0.0016854996561581036
1,full,0.15,10.0,0.9823863636363637,0.006327004957761403,0.0028295226359065363
1,full,0.05,1000.0,0.9823863636363637,0.0011363636363636242,0.000508197267613583
3,linear,0.02,1000.0,0.981818181818182,0.004251883394061287,0.0019015000603047124
2,linear,0.05,100.0,0.9818181818181818,0.008154943235458699,0.0036470014854275445
2,circular,0.15,100.0,0.9818181818181818,0.006377825091091925,0.0028522500904570665
2,linear,0.15,100.0,0.9818181818181818,0.00584978985283354,0.0026161055530048573
2,linear,0.02,1000.0,0.9818181818181818,0.007320510640184733,0.0032738318842927133
2,linear,0.1,1000.0,0.9818181818181818,0.005269101417895276,0.0023564137901508726
2,full,0.15,1.0,0.9818181818181818,0.007320510640184733,0.0032738318842927133
2,full,0.1,1000.0,0.9818181818181818,0.003853596581321173,0.0017233807827389878
2,circular,0.02,1000.0,0.98125,0.004953294254023503,0.002215180532911133
3,full,0.15,10.0,0.98125,0.006119505462652859,0.002736726040634618
3,circular,0.02,1000.0,0.98125,0.0022727272727272488,0.0010163945352271663
2,circular,0.05,100.0,0.98125,0.006377825091091953,0.0028522500904570786
1,full,0.1,10.0,0.98125,0.005269101417895309,0.0023564137901508873
2,circular,0.05,1000.0,0.98125,0.00385359658132116,0.001723380782738982
3,full,0.15,100.0,0.98125,0.007748966873287413,0.0034654433368129308
3,full,0.15,1000.0,0.98125,0.007748966873287413,0.0034654433368129308
3,full,0.15,1.0,0.98125,0.00526910141789528,0.0023564137901508743
1,linear,0.25,100.0,0.98125,0.005849789852833549,0.002616105553004861
1,linear,0.25,10.0,0.98125,0.005849789852833543,0.002616105553004858
2,linear,0.05,1000.0,0.98125,0.004615930911724972,0.0020643070596119235
2,circular,0.25,10.0,0.98125,0.0061195054626528335,0.0027367260406346073
1,full,0.25,1.0,0.9806818181818183,0.005508727110700393,0.0024635776578044175
1,linear,0.15,1000.0,0.9806818181818183,0.005207472380631625,0.002328852446808994
3,circular,0.05,100.0,0.9806818181818182,0.004887684810819686,0.0021858390979172036
1,circular,0.05,1000.0,0.9806818181818182,0.004175266607016764,0.0018672359914948767
2,full,0.1,1.0,0.9806818181818182,0.00791385697567279,0.003539184432363051
3,linear,0.1,100.0,0.9806818181818182,0.00331304084934392,0.0014816369102733289
2,linear,0.15,10.0,0.9806818181818182,0.0068181818181818265,0.003049183605681535
1,full,0.1,1.0,0.9806818181818182,0.010383901637782439,0.004643821986750586
2,circular,0.1,1000.0,0.9806818181818182,0.004175266607016779,0.0018672359914948837
2,circular,0.15,10.0,0.9806818181818182,0.0068181818181818265,0.003049183605681535
1,circular,0.05,100.0,0.9801136363636364,0.007622959014203814,0.0034090909090909024
3,full,0.02,10.0,0.9801136363636364,0.01000387321685173,0.004473868110233992
1,circular,0.1,100.0,0.9801136363636364,0.0050819726761358935,0.002272727272727276
3,full,0.05,10.0,0.9801136363636364,0.006224119971649629,0.002783511071344527
1,circular,0.5,10.0,0.9801136363636364,0.006958777678361281,0.0031120599858247984
3,full,0.05,1000.0,0.9801136363636364,0.0017967486705501962,0.0008035304331665226
1,linear,0.05,100.0,0.9795454545454545,0.00727627754253733,0.0032540502416537175
1,full,0.15,100.0,0.9795454545454545,0.007050950935222065,0.0031532811194344506
1,full,0.25,10.0,0.9795454545454545,0.0033130408493438858,0.0014816369102733135
3,circular,0.1,10.0,0.9789772727272726,0.008154943235458699,0.0036470014854275445
3,circular,0.15,10.0,0.9789772727272726,0.006377825091091976,0.0028522500904570895
1,circular,0.25,100.0,0.9789772727272726,0.006865367030451453,0.0030702854741150635
3,circular,0.25,10.0,0.9789772727272726,0.006865367030451453,0.0030702854741150635
3,circular,0.15,100.0,0.9789772727272726,0.005849789852833525,0.0026161055530048508
1,circular,0.15,1000.0,0.9789772727272726,0.003853596581321173,0.0017233807827389878
1,circular,0.15,10.0,0.9789772727272726,0.005849789852833525,0.0026161055530048508
3,circular,0.02,100.0,0.9789772727272726,0.008541645669530078,0.0038199400713571914
1,linear,0.02,1000.0,0.978409090909091,0.008350533214033593,0.003734471982989783
1,circular,0.5,1.0,0.978409090909091,0.007096588634543621,0.0031736909190383895
1,full,0.5,1.0,0.978409090909091,0.009775369621639352,0.004371678195834398
1,full,0.5,10.0,0.9784090909090908,0.006377825091091937,0.0028522500904570717
1,full,0.02,10.0,0.9784090909090908,0.008541645669530066,0.0038199400713571858
1,circular,0.25,10.0,0.9784090909090908,0.008350533214033572,0.0037344719829897734
1,full,0.5,1000.0,0.9784090909090908,0.006377825091091937,0.0028522500904570717
1,full,0.5,100.0,0.9784090909090908,0.006377825091091937,0.0028522500904570717
1,full,0.1,1000.0,0.977840909090909,0.005207472380631634,0.0023288524468089984
2,circular,0.1,10.0,0.977840909090909,0.008311783430868084,0.003717142553135492
3,linear,0.1,10.0,0.977840909090909,0.008311783430868077,0.0037171425531354885
1,full,0.15,1000.0,0.977840909090909,0.006577180058403545,0.002941404342169273
1,circular,0.02,1000.0,0.977840909090909,0.0077071931626423755,0.0034467615654779887
3,linear,0.05,10.0,0.977840909090909,0.00940508258934482,0.004206080800754951
3,linear,0.15,100.0,0.977840909090909,0.006577180058403545,0.002941404342169273
3,circular,0.25,1.0,0.977840909090909,0.007913856975672793,0.003539184432363053
2,linear,0.1,10.0,0.9772727272727273,0.008983743352751088,0.004017652165832661
2,full,0.25,10.0,0.9772727272727273,0.006224119971649629,0.002783511071344527
1,circular,0.1,10.0,0.9772727272727273,0.007622959014203855,0.0034090909090909206
1,linear,0.15,10.0,0.9772727272727273,0.006722817935340466,0.0030065355807552137
3,circular,0.05,10.0,0.9772727272727273,0.007622959014203855,0.0034090909090909206
1,linear,0.5,10.0,0.9772727272727272,0.00783184588186944,0.0035025079562323713
3,full,0.25,1.0,0.9767045454545455,0.007050950935222065,0.0031532811194344506
1,linear,0.25,1000.0,0.9767045454545455,0.0070509509352220815,0.003153281119434458
2,full,0.02,10.0,0.9767045454545455,0.009405082589344827,0.004206080800754955
2,full,0.25,1000.0,0.9767045454545453,0.0070509509352220815,0.003153281119434458
2,circular,0.02,100.0,0.9767045454545453,0.008503766788122591,0.0038030001206094326
3,linear,0.02,100.0,0.9767045454545453,0.00905532809688025,0.004049665836637608
2,full,0.25,100.0,0.9767045454545453,0.0070509509352220815,0.003153281119434458
3,linear,0.15,10.0,0.9767045454545453,0.007913856975672814,0.003539184432363062
1,linear,0.1,10.0,0.9767045454545453,0.008503766788122591,0.0038030001206094326
1,full,0.25,1000.0,0.9761363636363637,0.0038535965813211864,0.0017233807827389937
2,linear,0.25,10.0,0.9761363636363637,0.01010022092876771,0.004516956116898132
2,full,0.05,1.0,0.9761363636363637,0.009608826434822592,0.0042971978184520535
2,linear,0.02,100.0,0.9761363636363637,0.010568792748714924,0.004726507805246684
1,full,0.25,100.0,0.9761363636363637,0.0038535965813211864,0.0017233807827389937
3,full,0.05,1.0,0.9755681818181821,0.009608826434822599,0.004297197818452056
1,circular,0.5,1000.0,0.9755681818181818,0.00926676501721597,0.004144223302002383
1,circular,0.25,1.0,0.9755681818181818,0.010720433104609774,0.004794323434029313
1,circular,0.5,100.0,0.9755681818181818,0.00926676501721597,0.004144223302002383
1,full,0.05,1.0,0.9755681818181818,0.009090909090909103,0.004065578140908714
3,linear,0.1,1000.0,0.9755681818181818,0.008911583603044405,0.003985381344715958
3,circular,0.1,1000.0,0.9755681818181818,0.008728574713487047,0.003903537281208557
2,circular,0.15,1.0,0.975,0.009575170196791322,0.004282146291231087
1,circular,0.25,1000.0,0.975,0.0072762775425373296,0.003254050241653717
2,circular,0.15,1000.0,0.975,0.008875283722621214,0.003969147544675684
3,circular,0.15,1.0,0.975,0.009906588508046982,0.004430361065822255
2,circular,0.05,10.0,0.975,0.010068207469698495,0.004502639262763397
2,circular,0.25,100.0,0.975,0.007913856975672793,0.003539184432363053
1,circular,0.02,100.0,0.9744318181818183,0.012052956497497987,0.005390246011650655
2,circular,0.25,1.0,0.9744318181818181,0.009336179957474431,0.0041752666070167845
3,circular,0.25,100.0,0.9744318181818181,0.008616903913694962,0.003853596581321183
3,circular,0.25,1000.0,0.9744318181818181,0.008616903913694962,0.003853596581321183
3,linear,0.15,1000.0,0.9744318181818181,0.007186994682200838,0.0032141217326661143
3,full,0.25,10.0,0.9744318181818181,0.006958777678361281,0.0031120599858247984
3,full,0.25,100.0,0.9744318181818181,0.006958777678361281,0.0031120599858247984
3,full,0.25,1000.0,0.9744318181818181,0.006958777678361281,0.0031120599858247984
3,linear,0.25,10.0,0.9744318181818181,0.008983743352751065,0.004017652165832651
3,circular,0.15,1000.0,0.9738636363636364,0.0070509509352220875,0.0031532811194344606
2,circular,0.25,1000.0,0.9738636363636364,0.009055328096880234,0.004049665836637601
1,linear,0.25,1.0,0.9738636363636364,0.009742288749705806,0.004356883980154723
1,linear,0.5,1.0,0.9738636363636364,0.007276277542537332,0.0032540502416537184
2,linear,0.15,1000.0,0.9738636363636364,0.006818181818181832,0.0030491836056815375
3,circular,0.1,1.0,0.9738636363636364,0.007494832930836887,0.0033517911826710517
1,circular,0.15,1.0,0.9738636363636364,0.009231861823449965,0.0041286141192238566
1,full,0.15,0.1,0.9732954545454545,0.008911583603044376,0.003985381344715945
1,circular,0.05,10.0,0.9727272727272727,0.009439345298770552,0.004221403550228803
3,linear,0.15,1.0,0.9710227272727273,0.008311783430868063,0.0037171425531354824
2,linear,0.25,1.0,0.9710227272727273,0.009405082589344782,0.004206080800754934
3,full,0.1,0.1,0.9710227272727273,0.007494832930836884,0.0033517911826710504
1,linear,0.5,1000.0,0.9710227272727272,0.010988113412394168,0.004914033706918108
1,linear,0.5,100.0,0.9710227272727272,0.010988113412394168,0.004914033706918108
2,linear,0.25,100.0,0.9704545454545455,0.010568792748714943,0.004726507805246693
1,full,0.25,0.1,0.9704545454545453,0.01278093395363863,0.005715807427254224
3,circular,0.02,10.0,0.9698863636363637,0.013754225496488852,0.006151076637601973
1,linear,0.02,100.0,0.9698863636363637,0.013636363636363618,0.006098367211363054
2,circular,0.1,1.0,0.9698863636363637,0.010720433104609791,0.004794323434029321
3,full,0.02,1.0,0.9693181818181819,0.008311783430868065,0.0037171425531354833
3,linear,0.25,1.0,0.96875,0.00933617995747443,0.004175266607016784
2,linear,0.15,1.0,0.9681818181818181,0.011560789743963523,0.005170142348216965
2,circular,0.5,1.0,0.9681818181818181,0.006327004957761391,0.002829522635906531
3,linear,0.1,1.0,0.9676136363636363,0.009775369621639352,0.004371678195834398
3,linear,0.25,100.0,0.9676136363636363,0.008350533214033541,0.0037344719829897595
2,linear,0.25,1000.0,0.9670454545454545,0.010720433104609788,0.00479432343402932
3,linear,0.25,1000.0,0.9670454545454545,0.00815494323545869,0.0036470014854275406
1,linear,0.05,10.0,0.9670454545454545,0.01056879274871492,0.004726507805246683
2,circular,0.5,10.0,0.9664772727272727,0.010383901637782425,0.00464382198675058
2,full,0.15,0.1,0.9664772727272727,0.0055087271107004,0.0024635776578044205
1,circular,0.1,1.0,0.965909090909091,0.012052956497497961,0.005390246011650643
2,linear,0.05,10.0,0.9659090909090908,0.011363636363636331,0.005081972676135871
2,circular,0.5,1000.0,0.9653409090909092,0.010538202835790567,0.004712827580301752
2,circular,0.5,100.0,0.9653409090909092,0.010538202835790567,0.004712827580301752
3,circular,0.05,1.0,0.9653409090909092,0.013493570553452197,0.006034508203341714
2,linear,0.5,1.0,0.9647727272727273,0.012906609876818813,0.00577201140872741
1,linear,0.15,1.0,0.9642045454545455,0.009266765017215949,0.004144223302002374
1,full,0.5,0.1,0.9642045454545455,0.009775369621639354,0.0043716781958343985
2,linear,0.5,10.0,0.9636363636363636,0.010690277114901576,0.00478083726544605
1,full,0.1,0.1,0.9636363636363636,0.010227272727272727,0.004573775408522297
2,linear,0.5,1000.0,0.9625,0.009575170196791322,0.004282146291231087
3,linear,0.02,10.0,0.9625,0.010690277114901576,0.00478083726544605
2,linear,0.5,100.0,0.9625,0.009575170196791322,0.004282146291231087
2,circular,0.25,0.1,0.9613636363636363,0.005269101417895309,0.0023564137901508873
2,linear,0.1,1.0,0.9613636363636363,0.013986970028512694,0.00625516315660131
2,full,0.5,1.0,0.9602272727272727,0.008616903913694931,0.003853596581321169
2,full,0.5,10.0,0.9596590909090909,0.008691510534533145,0.003886961676474329
2,full,0.5,100.0,0.9596590909090909,0.008691510534533145,0.003886961676474329
2,full,0.5,1000.0,0.9596590909090909,0.008691510534533145,0.003886961676474329
2,circular,0.02,10.0,0.959090909090909,0.006865367030451453,0.0030702854741150635
3,circular,0.25,0.1,0.959090909090909,0.0022727272727272488,0.0010163945352271663
3,linear,0.5,1.0,0.9585227272727271,0.012525799821050338,0.005601707974484651
3,full,0.15,0.1,0.9579545454545453,0.007494832930836883,0.00335179118267105
2,full,0.1,0.1,0.9573863636363636,0.009675787707912728,0.004327143810149948
3,linear,0.5,10.0,0.9551136363636363,0.012239010925305691,0.005473452081269225
1,linear,0.1,1.0,0.953409090909091,0.009439345298770552,0.004221403550228803
3,linear,0.5,100.0,0.9534090909090909,0.011863984669216518,0.005305735240876698
3,linear,0.5,1000.0,0.9534090909090909,0.011863984669216518,0.005305735240876698
3,linear,0.05,1.0,0.952840909090909,0.011163001536584366,0.00499224605374745
3,circular,0.15,0.1,0.9522727272727272,0.008503766788122584,0.0038030001206094295
1,circular,0.02,10.0,0.9517045454545453,0.008035304331665305,0.003593497341100427
3,circular,0.5,1.0,0.95,0.009090909090909075,0.004065578140908701
1,circular,0.25,0.1,0.9494318181818182,0.009575170196791334,0.004282146291231092
2,linear,0.02,10.0,0.9443181818181818,0.014215904549087286,0.006357545786681533
3,circular,0.5,10.0,0.9443181818181816,0.010568792748714905,0.004726507805246676
3,circular,0.5,1000.0,0.94375,0.010383901637782399,0.004643821986750569
1,full,0.02,1.0,0.94375,0.010068207469698496,0.004502639262763398
3,circular,0.5,100.0,0.94375,0.010383901637782399,0.004643821986750569
2,linear,0.25,0.1,0.9431818181818181,0.006478269460790575,0.0028971701781777266
3,linear,0.25,0.1,0.9426136363636364,0.0037688918072220482,0.0016854996561581064
2,circular,0.05,1.0,0.9426136363636364,0.006066521734108723,0.0027130309968894017
2,full,0.02,1.0,0.9420454545454545,0.00993912254803177,0.00444491073081999
3,circular,0.1,0.1,0.9397727272727273,0.009055328096880233,0.0040496658366376
2,circular,0.15,0.1,0.9392045454545455,0.011448546408869277,0.005119945602758561
1,linear,0.5,0.1,0.9363636363636363,0.00753778361444409,0.00337099931231621
1,linear,0.02,10.0,0.9363636363636363,0.012265359741433463,0.005485235630066893
1,circular,0.05,1.0,0.9357954545454545,0.00977536962163935,0.004371678195834397
1,circular,0.15,0.1,0.93125,0.01496811349127214,0.006693943852283241
1,linear,0.25,0.1,0.93125,0.014530354377891398,0.006498172025225366
3,linear,0.15,0.1,0.9278409090909092,0.00909090909090909,0.0040655781409087086
2,linear,0.05,1.0,0.927840909090909,0.013754225496488878,0.006151076637601985
1,linear,0.05,1.0,0.9255681818181817,0.016010230458642482,0.007159992728192444
2,linear,0.15,0.1,0.9193181818181818,0.01728991369852607,0.00773228447100182
1,circular,0.5,0.1,0.9181818181818182,0.009405082589344794,0.00420608080075494
3,linear,0.1,0.1,0.9176136363636364,0.011782068950754385,0.005269101417895285
1,full,0.05,0.1,0.9176136363636364,0.008427498280790504,0.003768891807222035
3,full,0.05,0.1,0.9176136363636364,0.014147613179532654,0.00632700495776139
3,circular,0.02,1.0,0.9147727272727273,0.019015000603047175,0.008503766788122596
2,circular,0.1,0.1,0.9147727272727272,0.01909970035678593,0.008541645669530066
2,full,0.05,0.1,0.9136363636363637,0.010869958221425557,0.004861193099138051
1,linear,0.15,0.1,0.9068181818181819,0.019633127889967062,0.008780201714582672
3,linear,0.02,1.0,0.9039772727272727,0.012239010925305679,0.00547345208126922
2,full,0.25,0.1,0.9022727272727271,0.010258789821174879,0.004587870281405988
1,circular,0.1,0.1,0.9017045454545455,0.014101901870444154,0.0063065622388689116
3,circular,0.05,0.1,0.8892045454545453,0.014373989364401702,0.00642824346533224
1,full,0.02,0.1,0.8846590909090908,0.008541645669530076,0.0038199400713571905
2,linear,0.1,0.1,0.8818181818181818,0.01775056744524237,0.007938295089351342
2,linear,0.5,0.1,0.8761363636363635,0.01278093395363861,0.005715807427254215
2,circular,0.02,1.0,0.872159090909091,0.020564728489606644,0.009196826168317407
1,circular,0.02,1.0,0.8693181818181819,0.018146272071217412,0.008115259577889607
1,linear,0.1,0.1,0.8664772727272727,0.01178206895075438,0.005269101417895283
3,full,0.02,0.1,0.8647727272727274,0.01455255508507464,0.0065081004833074255
3,linear,0.05,0.1,0.8636363636363636,0.008983743352751088,0.004017652165832661
3,circular,0.02,0.1,0.8585227272727272,0.011972333810059929,0.005354190449722611
1,circular,0.05,0.1,0.8545454545454545,0.015807304253685844,0.007069241370452626
2,circular,0.05,0.1,0.8545454545454545,0.01754936955850058,0.007848316659014554
2,linear,0.02,1.0,0.8505681818181818,0.01144854640886926,0.005119945602758553
1,circular,0.02,0.1,0.846590909090909,0.014261250452285403,0.006377825091091956
3,full,0.5,1000.0,0.84375,0.012317888289022067,0.0055087271107003835
3,full,0.5,100.0,0.84375,0.012317888289022067,0.0055087271107003835
3,full,0.5,10.0,0.84375,0.012317888289022067,0.0055087271107003835
2,circular,0.02,0.1,0.84375,0.016270251208268565,0.00727627754253732
1,linear,0.02,1.0,0.8420454545454545,0.011999268228376622,0.005366235887780719
3,full,0.5,1.0,0.8397727272727271,0.010568792748714927,0.004726507805246686
2,linear,0.05,0.1,0.8392045454545454,0.009090909090909103,0.004065578140908714
1,linear,0.05,0.1,0.8369318181818182,0.005269101417895276,0.0023564137901508726
3,linear,0.02,0.1,0.8357954545454545,0.008503766788122584,0.0038030001206094295
3,linear,0.5,0.1,0.8301136363636363,0.011836742418181627,0.005293552135841872
2,linear,0.02,0.1,0.8261363636363637,0.004887684810819664,0.0021858390979171936
1,linear,0.02,0.1,0.8255681818181818,0.011017454221400713,0.004927155315608802
2,full,0.02,0.1,0.821590909090909,0.01098811341239415,0.0049140337069181
2,circular,0.5,0.1,0.7971590909090909,0.011863984669216518,0.005305735240876698
3,full,0.25,0.1,0.7818181818181817,0.02144086620921956,0.009588646868058633
2,full,0.5,0.1,0.759090909090909,0.017549369558500557,0.007848316659014544
3,circular,0.5,0.1,0.7488636363636363,0.021229024650306128,0.00949390844282064
3,full,0.5,0.1,0.5215909090909091,0.047148821444828945,0.021085593961927475
